mean_masschange,sd_masschange,sex
466.8752975917748,214.4364771345321,N/A
