age_range,sex,Total_GER,Total_GER_sd
0 to 6 mths,N/A,100760.93676334301,168.95058835397276
7 to 9.6 mths,N/A,78711.13895756737,252.1225101691047
